{
    "normals": [0.499985,-0.802942,-0.324412,0.850246,-0.220557,0.477889,-0.015748,-0.805872,0.591845,0.850246,0.173284,-0.496994,-0.550981,-0.773736,-0.312601,-0.015748,-0.168554,-0.985534,0.550981,0.773736,0.312601,0.015748,0.168554,0.985534,-0.850246,-0.173284,0.496994,-0.850246,0.220557,-0.477889,0.015748,0.805872,-0.591845,-0.499985,0.802942,0.324412],
    "metadata": {
        "normals": 12,
        "vertices": 12,
        "uvs": 0,
        "generator": "io_three",
        "version": 3,
        "faces": 20,
        "type": "Geometry"
    },
    "name": "IcosphereGeometry",
    "vertices": [0.5,-0.802965,-0.324419,0.850263,-0.220581,0.477887,-0.015749,-0.805883,0.591847,-0.550987,-0.773746,-0.312614,-0.015749,-0.168572,-0.985552,0.850263,0.173295,-0.496991,0.015749,0.168572,0.985552,-0.850263,-0.173295,0.496991,-0.850263,0.220581,-0.477887,0.015749,0.805883,-0.591847,0.550987,0.773746,0.312614,-0.5,0.802965,0.324419],
    "uvs": [],
    "faces": [32,0,1,2,0,1,2,32,1,0,5,1,0,3,32,0,2,3,0,2,4,32,0,3,4,0,4,5,32,0,4,5,0,5,3,32,1,5,10,1,3,6,32,2,1,6,2,1,7,32,3,2,7,4,2,8,32,4,3,8,5,4,9,32,5,4,9,3,5,10,32,1,10,6,1,6,7,32,2,6,7,2,7,8,32,3,7,8,4,8,9,32,4,8,9,5,9,10,32,5,9,10,3,10,6,32,6,10,11,7,6,11,32,7,6,11,8,7,11,32,8,7,11,9,8,11,32,9,8,11,10,9,11,32,10,9,11,6,10,11]
}